product_id,title,description,category,subcategory,brand,image_url,tags,url,platform,price,price_promo,price_old,discount_pct,currency,rating,review_count,category_rank,availability,stock_quantity,delivery_days,variant_count,colors,sizes,shop_name,shop_country,shop_product_count,vendor,related_products,published_at,scraped_at,customer_reviews
wc_prod_1,WooCommerce Clothing Item 1,Un excellent produit de la catégorie Clothing. Qualité premium par WooBrand.,Clothing,,WooBrand,https://example.com/wc_image_1.jpg,,https://woocommerce-demo.com/product/1,woocommerce,19,19,,,,,,,in stock,63,,,,,,,,,,2026-05-16T16:39:57.141707,2026-05-16T16:39:57.141751,
wc_prod_2,WooCommerce Clothing Item 2,Un excellent produit de la catégorie Clothing. Qualité premium par TechStyle.,Clothing,,TechStyle,https://example.com/wc_image_2.jpg,,https://woocommerce-demo.com/product/2,woocommerce,28,28,,,,,,,in stock,24,,,,,,,,,,2026-05-16T16:39:57.141773,2026-05-16T16:39:57.141775,
wc_prod_3,WooCommerce Electronics Item 3,Un excellent produit de la catégorie Electronics. Qualité premium par HomeLiving.,Electronics,,HomeLiving,https://example.com/wc_image_3.jpg,,https://woocommerce-demo.com/product/3,woocommerce,23,23,,,,,,,in stock,27,,,,,,,,,,2026-05-16T16:39:57.141787,2026-05-16T16:39:57.141789,
wc_prod_4,WooCommerce Home Item 4,Un excellent produit de la catégorie Home. Qualité premium par EcoWear.,Home,,EcoWear,https://example.com/wc_image_4.jpg,,https://woocommerce-demo.com/product/4,woocommerce,34,34,,,,,,,in stock,59,,,,,,,,,,2026-05-16T16:39:57.141798,2026-05-16T16:39:57.141800,
wc_prod_5,WooCommerce Home Item 5,Un excellent produit de la catégorie Home. Qualité premium par EcoWear.,Home,,EcoWear,https://example.com/wc_image_5.jpg,,https://woocommerce-demo.com/product/5,woocommerce,38,30,,,,,,,in stock,93,,,,,,,,,,2026-05-16T16:39:57.141810,2026-05-16T16:39:57.141812,
wc_prod_6,WooCommerce Home Item 6,Un excellent produit de la catégorie Home. Qualité premium par WooBrand.,Home,,WooBrand,https://example.com/wc_image_6.jpg,,https://woocommerce-demo.com/product/6,woocommerce,76,76,,,,,,,in stock,45,,,,,,,,,,2026-05-16T16:39:57.141822,2026-05-16T16:39:57.141823,
wc_prod_7,WooCommerce Home Item 7,Un excellent produit de la catégorie Home. Qualité premium par WooBrand.,Home,,WooBrand,https://example.com/wc_image_7.jpg,,https://woocommerce-demo.com/product/7,woocommerce,127,101,,,,,,,in stock,16,,,,,,,,,,2026-05-16T16:39:57.141832,2026-05-16T16:39:57.141834,
wc_prod_8,WooCommerce Electronics Item 8,Un excellent produit de la catégorie Electronics. Qualité premium par TechStyle.,Electronics,,TechStyle,https://example.com/wc_image_8.jpg,,https://woocommerce-demo.com/product/8,woocommerce,42,42,,,,,,,in stock,85,,,,,,,,,,2026-05-16T16:39:57.141842,2026-05-16T16:39:57.141844,
wc_prod_9,WooCommerce Clothing Item 9,Un excellent produit de la catégorie Clothing. Qualité premium par HomeLiving.,Clothing,,HomeLiving,https://example.com/wc_image_9.jpg,,https://woocommerce-demo.com/product/9,woocommerce,100,100,,,,,,,in stock,19,,,,,,,,,,2026-05-16T16:39:57.141853,2026-05-16T16:39:57.141854,
wc_prod_10,WooCommerce Clothing Item 10,Un excellent produit de la catégorie Clothing. Qualité premium par TechStyle.,Clothing,,TechStyle,https://example.com/wc_image_10.jpg,,https://woocommerce-demo.com/product/10,woocommerce,64,51,,,,,,,in stock,48,,,,,,,,,,2026-05-16T16:39:57.141863,2026-05-16T16:39:57.141865,
wc_prod_11,WooCommerce Accessories Item 11,Un excellent produit de la catégorie Accessories. Qualité premium par EcoWear.,Accessories,,EcoWear,https://example.com/wc_image_11.jpg,,https://woocommerce-demo.com/product/11,woocommerce,23,18,,,,,,,in stock,48,,,,,,,,,,2026-05-16T16:39:57.141873,2026-05-16T16:39:57.141874,
wc_prod_12,WooCommerce Home Item 12,Un excellent produit de la catégorie Home. Qualité premium par HomeLiving.,Home,,HomeLiving,https://example.com/wc_image_12.jpg,,https://woocommerce-demo.com/product/12,woocommerce,117,117,,,,,,,in stock,62,,,,,,,,,,2026-05-16T16:39:57.141883,2026-05-16T16:39:57.141884,
wc_prod_13,WooCommerce Accessories Item 13,Un excellent produit de la catégorie Accessories. Qualité premium par WooBrand.,Accessories,,WooBrand,https://example.com/wc_image_13.jpg,,https://woocommerce-demo.com/product/13,woocommerce,93,74,,,,,,,in stock,44,,,,,,,,,,2026-05-16T16:39:57.141894,2026-05-16T16:39:57.141896,
wc_prod_14,WooCommerce Electronics Item 14,Un excellent produit de la catégorie Electronics. Qualité premium par TechStyle.,Electronics,,TechStyle,https://example.com/wc_image_14.jpg,,https://woocommerce-demo.com/product/14,woocommerce,136,136,,,,,,,in stock,27,,,,,,,,,,2026-05-16T16:39:57.141904,2026-05-16T16:39:57.141906,
wc_prod_15,WooCommerce Electronics Item 15,Un excellent produit de la catégorie Electronics. Qualité premium par HomeLiving.,Electronics,,HomeLiving,https://example.com/wc_image_15.jpg,,https://woocommerce-demo.com/product/15,woocommerce,37,37,,,,,,,in stock,81,,,,,,,,,,2026-05-16T16:39:57.141923,2026-05-16T16:39:57.141926,
wc_prod_16,WooCommerce Clothing Item 16,Un excellent produit de la catégorie Clothing. Qualité premium par TechStyle.,Clothing,,TechStyle,https://example.com/wc_image_16.jpg,,https://woocommerce-demo.com/product/16,woocommerce,41,41,,,,,,,in stock,15,,,,,,,,,,2026-05-16T16:39:57.141934,2026-05-16T16:39:57.141936,
wc_prod_17,WooCommerce Accessories Item 17,Un excellent produit de la catégorie Accessories. Qualité premium par TechStyle.,Accessories,,TechStyle,https://example.com/wc_image_17.jpg,,https://woocommerce-demo.com/product/17,woocommerce,25,20,,,,,,,in stock,84,,,,,,,,,,2026-05-16T16:39:57.141944,2026-05-16T16:39:57.141946,
wc_prod_18,WooCommerce Clothing Item 18,Un excellent produit de la catégorie Clothing. Qualité premium par WooBrand.,Clothing,,WooBrand,https://example.com/wc_image_18.jpg,,https://woocommerce-demo.com/product/18,woocommerce,38,38,,,,,,,in stock,57,,,,,,,,,,2026-05-16T16:39:57.141954,2026-05-16T16:39:57.141956,
wc_prod_19,WooCommerce Accessories Item 19,Un excellent produit de la catégorie Accessories. Qualité premium par EcoWear.,Accessories,,EcoWear,https://example.com/wc_image_19.jpg,,https://woocommerce-demo.com/product/19,woocommerce,11,11,,,,,,,in stock,25,,,,,,,,,,2026-05-16T16:39:57.141964,2026-05-16T16:39:57.141965,
wc_prod_20,WooCommerce Accessories Item 20,Un excellent produit de la catégorie Accessories. Qualité premium par EcoWear.,Accessories,,EcoWear,https://example.com/wc_image_20.jpg,,https://woocommerce-demo.com/product/20,woocommerce,59,59,,,,,,,in stock,71,,,,,,,,,,2026-05-16T16:39:57.141974,2026-05-16T16:39:57.141976,
wc_prod_21,WooCommerce Electronics Item 21,Un excellent produit de la catégorie Electronics. Qualité premium par WooBrand.,Electronics,,WooBrand,https://example.com/wc_image_21.jpg,,https://woocommerce-demo.com/product/21,woocommerce,90,90,,,,,,,in stock,81,,,,,,,,,,2026-05-16T16:39:57.141983,2026-05-16T16:39:57.141985,
wc_prod_22,WooCommerce Electronics Item 22,Un excellent produit de la catégorie Electronics. Qualité premium par WooBrand.,Electronics,,WooBrand,https://example.com/wc_image_22.jpg,,https://woocommerce-demo.com/product/22,woocommerce,53,42,,,,,,,in stock,54,,,,,,,,,,2026-05-16T16:39:57.141993,2026-05-16T16:39:57.141995,
wc_prod_23,WooCommerce Home Item 23,Un excellent produit de la catégorie Home. Qualité premium par EcoWear.,Home,,EcoWear,https://example.com/wc_image_23.jpg,,https://woocommerce-demo.com/product/23,woocommerce,94,94,,,,,,,in stock,56,,,,,,,,,,2026-05-16T16:39:57.142002,2026-05-16T16:39:57.142004,
wc_prod_24,WooCommerce Accessories Item 24,Un excellent produit de la catégorie Accessories. Qualité premium par WooBrand.,Accessories,,WooBrand,https://example.com/wc_image_24.jpg,,https://woocommerce-demo.com/product/24,woocommerce,148,148,,,,,,,in stock,1,,,,,,,,,,2026-05-16T16:39:57.142012,2026-05-16T16:39:57.142014,
wc_prod_25,WooCommerce Electronics Item 25,Un excellent produit de la catégorie Electronics. Qualité premium par EcoWear.,Electronics,,EcoWear,https://example.com/wc_image_25.jpg,,https://woocommerce-demo.com/product/25,woocommerce,25,20,,,,,,,in stock,39,,,,,,,,,,2026-05-16T16:39:57.142022,2026-05-16T16:39:57.142024,
wc_prod_26,WooCommerce Home Item 26,Un excellent produit de la catégorie Home. Qualité premium par EcoWear.,Home,,EcoWear,https://example.com/wc_image_26.jpg,,https://woocommerce-demo.com/product/26,woocommerce,106,84,,,,,,,out of stock,88,,,,,,,,,,2026-05-16T16:39:57.142033,2026-05-16T16:39:57.142034,
wc_prod_27,WooCommerce Clothing Item 27,Un excellent produit de la catégorie Clothing. Qualité premium par WooBrand.,Clothing,,WooBrand,https://example.com/wc_image_27.jpg,,https://woocommerce-demo.com/product/27,woocommerce,62,62,,,,,,,in stock,16,,,,,,,,,,2026-05-16T16:39:57.142042,2026-05-16T16:39:57.142044,
wc_prod_28,WooCommerce Electronics Item 28,Un excellent produit de la catégorie Electronics. Qualité premium par WooBrand.,Electronics,,WooBrand,https://example.com/wc_image_28.jpg,,https://woocommerce-demo.com/product/28,woocommerce,66,52,,,,,,,in stock,34,,,,,,,,,,2026-05-16T16:39:57.142053,2026-05-16T16:39:57.142055,
wc_prod_29,WooCommerce Clothing Item 29,Un excellent produit de la catégorie Clothing. Qualité premium par HomeLiving.,Clothing,,HomeLiving,https://example.com/wc_image_29.jpg,,https://woocommerce-demo.com/product/29,woocommerce,150,150,,,,,,,in stock,86,,,,,,,,,,2026-05-16T16:39:57.142063,2026-05-16T16:39:57.142065,
wc_prod_30,WooCommerce Home Item 30,Un excellent produit de la catégorie Home. Qualité premium par WooBrand.,Home,,WooBrand,https://example.com/wc_image_30.jpg,,https://woocommerce-demo.com/product/30,woocommerce,136,108,,,,,,,in stock,4,,,,,,,,,,2026-05-16T16:39:57.142074,2026-05-16T16:39:57.142076,
wc_prod_31,WooCommerce Clothing Item 31,Un excellent produit de la catégorie Clothing. Qualité premium par EcoWear.,Clothing,,EcoWear,https://example.com/wc_image_31.jpg,,https://woocommerce-demo.com/product/31,woocommerce,109,109,,,,,,,in stock,60,,,,,,,,,,2026-05-16T16:39:57.142084,2026-05-16T16:39:57.142085,
wc_prod_32,WooCommerce Electronics Item 32,Un excellent produit de la catégorie Electronics. Qualité premium par TechStyle.,Electronics,,TechStyle,https://example.com/wc_image_32.jpg,,https://woocommerce-demo.com/product/32,woocommerce,27,27,,,,,,,in stock,24,,,,,,,,,,2026-05-16T16:39:57.142093,2026-05-16T16:39:57.142095,
wc_prod_33,WooCommerce Home Item 33,Un excellent produit de la catégorie Home. Qualité premium par WooBrand.,Home,,WooBrand,https://example.com/wc_image_33.jpg,,https://woocommerce-demo.com/product/33,woocommerce,14,14,,,,,,,in stock,41,,,,,,,,,,2026-05-16T16:39:57.142103,2026-05-16T16:39:57.142104,
wc_prod_34,WooCommerce Electronics Item 34,Un excellent produit de la catégorie Electronics. Qualité premium par TechStyle.,Electronics,,TechStyle,https://example.com/wc_image_34.jpg,,https://woocommerce-demo.com/product/34,woocommerce,149,149,,,,,,,in stock,84,,,,,,,,,,2026-05-16T16:39:57.142113,2026-05-16T16:39:57.142114,
wc_prod_35,WooCommerce Clothing Item 35,Un excellent produit de la catégorie Clothing. Qualité premium par EcoWear.,Clothing,,EcoWear,https://example.com/wc_image_35.jpg,,https://woocommerce-demo.com/product/35,woocommerce,108,108,,,,,,,in stock,2,,,,,,,,,,2026-05-16T16:39:57.142122,2026-05-16T16:39:57.142124,
wc_prod_36,WooCommerce Electronics Item 36,Un excellent produit de la catégorie Electronics. Qualité premium par EcoWear.,Electronics,,EcoWear,https://example.com/wc_image_36.jpg,,https://woocommerce-demo.com/product/36,woocommerce,58,58,,,,,,,in stock,85,,,,,,,,,,2026-05-16T16:39:57.142131,2026-05-16T16:39:57.142133,
wc_prod_37,WooCommerce Home Item 37,Un excellent produit de la catégorie Home. Qualité premium par EcoWear.,Home,,EcoWear,https://example.com/wc_image_37.jpg,,https://woocommerce-demo.com/product/37,woocommerce,96,96,,,,,,,in stock,78,,,,,,,,,,2026-05-16T16:39:57.142148,2026-05-16T16:39:57.142150,
wc_prod_38,WooCommerce Accessories Item 38,Un excellent produit de la catégorie Accessories. Qualité premium par HomeLiving.,Accessories,,HomeLiving,https://example.com/wc_image_38.jpg,,https://woocommerce-demo.com/product/38,woocommerce,34,34,,,,,,,out of stock,53,,,,,,,,,,2026-05-16T16:39:57.142159,2026-05-16T16:39:57.142161,
wc_prod_39,WooCommerce Clothing Item 39,Un excellent produit de la catégorie Clothing. Qualité premium par TechStyle.,Clothing,,TechStyle,https://example.com/wc_image_39.jpg,,https://woocommerce-demo.com/product/39,woocommerce,83,66,,,,,,,in stock,48,,,,,,,,,,2026-05-16T16:39:57.142169,2026-05-16T16:39:57.142171,
wc_prod_40,WooCommerce Electronics Item 40,Un excellent produit de la catégorie Electronics. Qualité premium par HomeLiving.,Electronics,,HomeLiving,https://example.com/wc_image_40.jpg,,https://woocommerce-demo.com/product/40,woocommerce,121,121,,,,,,,in stock,47,,,,,,,,,,2026-05-16T16:39:57.142180,2026-05-16T16:39:57.142182,
wc_prod_41,WooCommerce Home Item 41,Un excellent produit de la catégorie Home. Qualité premium par HomeLiving.,Home,,HomeLiving,https://example.com/wc_image_41.jpg,,https://woocommerce-demo.com/product/41,woocommerce,92,92,,,,,,,out of stock,45,,,,,,,,,,2026-05-16T16:39:57.142190,2026-05-16T16:39:57.142192,
wc_prod_42,WooCommerce Clothing Item 42,Un excellent produit de la catégorie Clothing. Qualité premium par TechStyle.,Clothing,,TechStyle,https://example.com/wc_image_42.jpg,,https://woocommerce-demo.com/product/42,woocommerce,46,36,,,,,,,in stock,71,,,,,,,,,,2026-05-16T16:39:57.142200,2026-05-16T16:39:57.142202,
wc_prod_43,WooCommerce Clothing Item 43,Un excellent produit de la catégorie Clothing. Qualité premium par EcoWear.,Clothing,,EcoWear,https://example.com/wc_image_43.jpg,,https://woocommerce-demo.com/product/43,woocommerce,66,52,,,,,,,in stock,47,,,,,,,,,,2026-05-16T16:39:57.142210,2026-05-16T16:39:57.142211,
wc_prod_44,WooCommerce Home Item 44,Un excellent produit de la catégorie Home. Qualité premium par WooBrand.,Home,,WooBrand,https://example.com/wc_image_44.jpg,,https://woocommerce-demo.com/product/44,woocommerce,29,29,,,,,,,in stock,40,,,,,,,,,,2026-05-16T16:39:57.142219,2026-05-16T16:39:57.142221,
wc_prod_45,WooCommerce Electronics Item 45,Un excellent produit de la catégorie Electronics. Qualité premium par HomeLiving.,Electronics,,HomeLiving,https://example.com/wc_image_45.jpg,,https://woocommerce-demo.com/product/45,woocommerce,132,105,,,,,,,in stock,82,,,,,,,,,,2026-05-16T16:39:57.142229,2026-05-16T16:39:57.142230,
wc_prod_46,WooCommerce Electronics Item 46,Un excellent produit de la catégorie Electronics. Qualité premium par TechStyle.,Electronics,,TechStyle,https://example.com/wc_image_46.jpg,,https://woocommerce-demo.com/product/46,woocommerce,74,59,,,,,,,in stock,73,,,,,,,,,,2026-05-16T16:39:57.142238,2026-05-16T16:39:57.142240,
wc_prod_47,WooCommerce Electronics Item 47,Un excellent produit de la catégorie Electronics. Qualité premium par EcoWear.,Electronics,,EcoWear,https://example.com/wc_image_47.jpg,,https://woocommerce-demo.com/product/47,woocommerce,80,80,,,,,,,in stock,93,,,,,,,,,,2026-05-16T16:39:57.142248,2026-05-16T16:39:57.142255,
wc_prod_48,WooCommerce Clothing Item 48,Un excellent produit de la catégorie Clothing. Qualité premium par WooBrand.,Clothing,,WooBrand,https://example.com/wc_image_48.jpg,,https://woocommerce-demo.com/product/48,woocommerce,73,58,,,,,,,in stock,94,,,,,,,,,,2026-05-16T16:39:57.142266,2026-05-16T16:39:57.142268,
wc_prod_49,WooCommerce Electronics Item 49,Un excellent produit de la catégorie Electronics. Qualité premium par EcoWear.,Electronics,,EcoWear,https://example.com/wc_image_49.jpg,,https://woocommerce-demo.com/product/49,woocommerce,146,116,,,,,,,in stock,58,,,,,,,,,,2026-05-16T16:39:57.142276,2026-05-16T16:39:57.142277,
wc_prod_50,WooCommerce Electronics Item 50,Un excellent produit de la catégorie Electronics. Qualité premium par HomeLiving.,Electronics,,HomeLiving,https://example.com/wc_image_50.jpg,,https://woocommerce-demo.com/product/50,woocommerce,35,35,,,,,,,in stock,100,,,,,,,,,,2026-05-16T16:39:57.142291,2026-05-16T16:39:57.142294,
wc_prod_51,WooCommerce Electronics Item 51,Un excellent produit de la catégorie Electronics. Qualité premium par EcoWear.,Electronics,,EcoWear,https://example.com/wc_image_51.jpg,,https://woocommerce-demo.com/product/51,woocommerce,134,134,,,,,,,out of stock,16,,,,,,,,,,2026-05-16T16:39:57.142303,2026-05-16T16:39:57.142304,
wc_prod_52,WooCommerce Home Item 52,Un excellent produit de la catégorie Home. Qualité premium par TechStyle.,Home,,TechStyle,https://example.com/wc_image_52.jpg,,https://woocommerce-demo.com/product/52,woocommerce,136,108,,,,,,,in stock,9,,,,,,,,,,2026-05-16T16:39:57.142312,2026-05-16T16:39:57.142314,
wc_prod_53,WooCommerce Accessories Item 53,Un excellent produit de la catégorie Accessories. Qualité premium par TechStyle.,Accessories,,TechStyle,https://example.com/wc_image_53.jpg,,https://woocommerce-demo.com/product/53,woocommerce,75,60,,,,,,,in stock,37,,,,,,,,,,2026-05-16T16:39:57.142322,2026-05-16T16:39:57.142323,
wc_prod_54,WooCommerce Electronics Item 54,Un excellent produit de la catégorie Electronics. Qualité premium par EcoWear.,Electronics,,EcoWear,https://example.com/wc_image_54.jpg,,https://woocommerce-demo.com/product/54,woocommerce,130,130,,,,,,,in stock,52,,,,,,,,,,2026-05-16T16:39:57.142332,2026-05-16T16:39:57.142333,
wc_prod_55,WooCommerce Electronics Item 55,Un excellent produit de la catégorie Electronics. Qualité premium par WooBrand.,Electronics,,WooBrand,https://example.com/wc_image_55.jpg,,https://woocommerce-demo.com/product/55,woocommerce,95,76,,,,,,,in stock,72,,,,,,,,,,2026-05-16T16:39:57.142341,2026-05-16T16:39:57.142343,
wc_prod_56,WooCommerce Clothing Item 56,Un excellent produit de la catégorie Clothing. Qualité premium par HomeLiving.,Clothing,,HomeLiving,https://example.com/wc_image_56.jpg,,https://woocommerce-demo.com/product/56,woocommerce,75,75,,,,,,,in stock,16,,,,,,,,,,2026-05-16T16:39:57.142350,2026-05-16T16:39:57.142352,
wc_prod_57,WooCommerce Clothing Item 57,Un excellent produit de la catégorie Clothing. Qualité premium par WooBrand.,Clothing,,WooBrand,https://example.com/wc_image_57.jpg,,https://woocommerce-demo.com/product/57,woocommerce,149,149,,,,,,,in stock,29,,,,,,,,,,2026-05-16T16:39:57.142360,2026-05-16T16:39:57.142362,
wc_prod_58,WooCommerce Electronics Item 58,Un excellent produit de la catégorie Electronics. Qualité premium par TechStyle.,Electronics,,TechStyle,https://example.com/wc_image_58.jpg,,https://woocommerce-demo.com/product/58,woocommerce,52,41,,,,,,,in stock,77,,,,,,,,,,2026-05-16T16:39:57.142370,2026-05-16T16:39:57.142372,
wc_prod_59,WooCommerce Accessories Item 59,Un excellent produit de la catégorie Accessories. Qualité premium par EcoWear.,Accessories,,EcoWear,https://example.com/wc_image_59.jpg,,https://woocommerce-demo.com/product/59,woocommerce,121,121,,,,,,,in stock,29,,,,,,,,,,2026-05-16T16:39:57.142382,2026-05-16T16:39:57.142383,
wc_prod_60,WooCommerce Electronics Item 60,Un excellent produit de la catégorie Electronics. Qualité premium par EcoWear.,Electronics,,EcoWear,https://example.com/wc_image_60.jpg,,https://woocommerce-demo.com/product/60,woocommerce,94,75,,,,,,,in stock,61,,,,,,,,,,2026-05-16T16:39:57.142391,2026-05-16T16:39:57.142393,
wc_prod_61,WooCommerce Accessories Item 61,Un excellent produit de la catégorie Accessories. Qualité premium par TechStyle.,Accessories,,TechStyle,https://example.com/wc_image_61.jpg,,https://woocommerce-demo.com/product/61,woocommerce,105,105,,,,,,,in stock,43,,,,,,,,,,2026-05-16T16:39:57.142403,2026-05-16T16:39:57.142404,
wc_prod_62,WooCommerce Electronics Item 62,Un excellent produit de la catégorie Electronics. Qualité premium par WooBrand.,Electronics,,WooBrand,https://example.com/wc_image_62.jpg,,https://woocommerce-demo.com/product/62,woocommerce,27,21,,,,,,,in stock,73,,,,,,,,,,2026-05-16T16:39:57.142412,2026-05-16T16:39:57.142414,
wc_prod_63,WooCommerce Electronics Item 63,Un excellent produit de la catégorie Electronics. Qualité premium par EcoWear.,Electronics,,EcoWear,https://example.com/wc_image_63.jpg,,https://woocommerce-demo.com/product/63,woocommerce,32,32,,,,,,,in stock,41,,,,,,,,,,2026-05-16T16:39:57.142422,2026-05-16T16:39:57.142423,
wc_prod_64,WooCommerce Accessories Item 64,Un excellent produit de la catégorie Accessories. Qualité premium par EcoWear.,Accessories,,EcoWear,https://example.com/wc_image_64.jpg,,https://woocommerce-demo.com/product/64,woocommerce,133,133,,,,,,,in stock,58,,,,,,,,,,2026-05-16T16:39:57.142432,2026-05-16T16:39:57.142433,
wc_prod_65,WooCommerce Home Item 65,Un excellent produit de la catégorie Home. Qualité premium par EcoWear.,Home,,EcoWear,https://example.com/wc_image_65.jpg,,https://woocommerce-demo.com/product/65,woocommerce,91,72,,,,,,,in stock,13,,,,,,,,,,2026-05-16T16:39:57.142442,2026-05-16T16:39:57.142443,
wc_prod_66,WooCommerce Clothing Item 66,Un excellent produit de la catégorie Clothing. Qualité premium par TechStyle.,Clothing,,TechStyle,https://example.com/wc_image_66.jpg,,https://woocommerce-demo.com/product/66,woocommerce,112,89,,,,,,,in stock,97,,,,,,,,,,2026-05-16T16:39:57.142466,2026-05-16T16:39:57.142468,
wc_prod_67,WooCommerce Home Item 67,Un excellent produit de la catégorie Home. Qualité premium par TechStyle.,Home,,TechStyle,https://example.com/wc_image_67.jpg,,https://woocommerce-demo.com/product/67,woocommerce,141,112,,,,,,,in stock,80,,,,,,,,,,2026-05-16T16:39:57.142478,2026-05-16T16:39:57.142479,
wc_prod_68,WooCommerce Accessories Item 68,Un excellent produit de la catégorie Accessories. Qualité premium par HomeLiving.,Accessories,,HomeLiving,https://example.com/wc_image_68.jpg,,https://woocommerce-demo.com/product/68,woocommerce,104,83,,,,,,,in stock,15,,,,,,,,,,2026-05-16T16:39:57.142487,2026-05-16T16:39:57.142489,
wc_prod_69,WooCommerce Home Item 69,Un excellent produit de la catégorie Home. Qualité premium par TechStyle.,Home,,TechStyle,https://example.com/wc_image_69.jpg,,https://woocommerce-demo.com/product/69,woocommerce,21,21,,,,,,,out of stock,55,,,,,,,,,,2026-05-16T16:39:57.142497,2026-05-16T16:39:57.142499,
wc_prod_70,WooCommerce Home Item 70,Un excellent produit de la catégorie Home. Qualité premium par TechStyle.,Home,,TechStyle,https://example.com/wc_image_70.jpg,,https://woocommerce-demo.com/product/70,woocommerce,135,135,,,,,,,in stock,12,,,,,,,,,,2026-05-16T16:39:57.142507,2026-05-16T16:39:57.142508,
wc_prod_71,WooCommerce Home Item 71,Un excellent produit de la catégorie Home. Qualité premium par WooBrand.,Home,,WooBrand,https://example.com/wc_image_71.jpg,,https://woocommerce-demo.com/product/71,woocommerce,102,102,,,,,,,out of stock,27,,,,,,,,,,2026-05-16T16:39:57.142516,2026-05-16T16:39:57.142518,
wc_prod_72,WooCommerce Electronics Item 72,Un excellent produit de la catégorie Electronics. Qualité premium par EcoWear.,Electronics,,EcoWear,https://example.com/wc_image_72.jpg,,https://woocommerce-demo.com/product/72,woocommerce,57,57,,,,,,,in stock,77,,,,,,,,,,2026-05-16T16:39:57.142526,2026-05-16T16:39:57.142528,
wc_prod_73,WooCommerce Accessories Item 73,Un excellent produit de la catégorie Accessories. Qualité premium par TechStyle.,Accessories,,TechStyle,https://example.com/wc_image_73.jpg,,https://woocommerce-demo.com/product/73,woocommerce,28,22,,,,,,,in stock,77,,,,,,,,,,2026-05-16T16:39:57.142536,2026-05-16T16:39:57.142538,
wc_prod_74,WooCommerce Electronics Item 74,Un excellent produit de la catégorie Electronics. Qualité premium par WooBrand.,Electronics,,WooBrand,https://example.com/wc_image_74.jpg,,https://woocommerce-demo.com/product/74,woocommerce,136,108,,,,,,,in stock,61,,,,,,,,,,2026-05-16T16:39:57.142546,2026-05-16T16:39:57.142548,
wc_prod_75,WooCommerce Electronics Item 75,Un excellent produit de la catégorie Electronics. Qualité premium par TechStyle.,Electronics,,TechStyle,https://example.com/wc_image_75.jpg,,https://woocommerce-demo.com/product/75,woocommerce,51,51,,,,,,,in stock,33,,,,,,,,,,2026-05-16T16:39:57.142556,2026-05-16T16:39:57.142558,
wc_prod_76,WooCommerce Accessories Item 76,Un excellent produit de la catégorie Accessories. Qualité premium par WooBrand.,Accessories,,WooBrand,https://example.com/wc_image_76.jpg,,https://woocommerce-demo.com/product/76,woocommerce,29,29,,,,,,,in stock,82,,,,,,,,,,2026-05-16T16:39:57.142566,2026-05-16T16:39:57.142567,
wc_prod_77,WooCommerce Accessories Item 77,Un excellent produit de la catégorie Accessories. Qualité premium par TechStyle.,Accessories,,TechStyle,https://example.com/wc_image_77.jpg,,https://woocommerce-demo.com/product/77,woocommerce,26,26,,,,,,,in stock,94,,,,,,,,,,2026-05-16T16:39:57.142575,2026-05-16T16:39:57.142577,
wc_prod_78,WooCommerce Clothing Item 78,Un excellent produit de la catégorie Clothing. Qualité premium par EcoWear.,Clothing,,EcoWear,https://example.com/wc_image_78.jpg,,https://woocommerce-demo.com/product/78,woocommerce,47,47,,,,,,,in stock,85,,,,,,,,,,2026-05-16T16:39:57.142586,2026-05-16T16:39:57.142588,
wc_prod_79,WooCommerce Clothing Item 79,Un excellent produit de la catégorie Clothing. Qualité premium par WooBrand.,Clothing,,WooBrand,https://example.com/wc_image_79.jpg,,https://woocommerce-demo.com/product/79,woocommerce,114,114,,,,,,,in stock,77,,,,,,,,,,2026-05-16T16:39:57.142603,2026-05-16T16:39:57.142605,
wc_prod_80,WooCommerce Clothing Item 80,Un excellent produit de la catégorie Clothing. Qualité premium par WooBrand.,Clothing,,WooBrand,https://example.com/wc_image_80.jpg,,https://woocommerce-demo.com/product/80,woocommerce,49,49,,,,,,,in stock,0,,,,,,,,,,2026-05-16T16:39:57.142614,2026-05-16T16:39:57.142616,
wc_prod_81,WooCommerce Accessories Item 81,Un excellent produit de la catégorie Accessories. Qualité premium par HomeLiving.,Accessories,,HomeLiving,https://example.com/wc_image_81.jpg,,https://woocommerce-demo.com/product/81,woocommerce,58,58,,,,,,,in stock,49,,,,,,,,,,2026-05-16T16:39:57.142624,2026-05-16T16:39:57.142625,
wc_prod_82,WooCommerce Electronics Item 82,Un excellent produit de la catégorie Electronics. Qualité premium par WooBrand.,Electronics,,WooBrand,https://example.com/wc_image_82.jpg,,https://woocommerce-demo.com/product/82,woocommerce,87,87,,,,,,,in stock,39,,,,,,,,,,2026-05-16T16:39:57.142635,2026-05-16T16:39:57.142637,
wc_prod_83,WooCommerce Accessories Item 83,Un excellent produit de la catégorie Accessories. Qualité premium par TechStyle.,Accessories,,TechStyle,https://example.com/wc_image_83.jpg,,https://woocommerce-demo.com/product/83,woocommerce,27,27,,,,,,,in stock,46,,,,,,,,,,2026-05-16T16:39:57.142645,2026-05-16T16:39:57.142646,
wc_prod_84,WooCommerce Clothing Item 84,Un excellent produit de la catégorie Clothing. Qualité premium par HomeLiving.,Clothing,,HomeLiving,https://example.com/wc_image_84.jpg,,https://woocommerce-demo.com/product/84,woocommerce,60,48,,,,,,,in stock,42,,,,,,,,,,2026-05-16T16:39:57.142654,2026-05-16T16:39:57.142656,
wc_prod_85,WooCommerce Home Item 85,Un excellent produit de la catégorie Home. Qualité premium par WooBrand.,Home,,WooBrand,https://example.com/wc_image_85.jpg,,https://woocommerce-demo.com/product/85,woocommerce,39,39,,,,,,,in stock,77,,,,,,,,,,2026-05-16T16:39:57.142664,2026-05-16T16:39:57.142666,
wc_prod_86,WooCommerce Clothing Item 86,Un excellent produit de la catégorie Clothing. Qualité premium par WooBrand.,Clothing,,WooBrand,https://example.com/wc_image_86.jpg,,https://woocommerce-demo.com/product/86,woocommerce,120,120,,,,,,,in stock,11,,,,,,,,,,2026-05-16T16:39:57.142674,2026-05-16T16:39:57.142676,
wc_prod_87,WooCommerce Clothing Item 87,Un excellent produit de la catégorie Clothing. Qualité premium par HomeLiving.,Clothing,,HomeLiving,https://example.com/wc_image_87.jpg,,https://woocommerce-demo.com/product/87,woocommerce,90,72,,,,,,,in stock,76,,,,,,,,,,2026-05-16T16:39:57.142684,2026-05-16T16:39:57.142686,
wc_prod_88,WooCommerce Electronics Item 88,Un excellent produit de la catégorie Electronics. Qualité premium par WooBrand.,Electronics,,WooBrand,https://example.com/wc_image_88.jpg,,https://woocommerce-demo.com/product/88,woocommerce,12,12,,,,,,,in stock,46,,,,,,,,,,2026-05-16T16:39:57.142694,2026-05-16T16:39:57.142695,
wc_prod_89,WooCommerce Accessories Item 89,Un excellent produit de la catégorie Accessories. Qualité premium par HomeLiving.,Accessories,,HomeLiving,https://example.com/wc_image_89.jpg,,https://woocommerce-demo.com/product/89,woocommerce,77,77,,,,,,,in stock,27,,,,,,,,,,2026-05-16T16:39:57.142703,2026-05-16T16:39:57.142705,
wc_prod_90,WooCommerce Electronics Item 90,Un excellent produit de la catégorie Electronics. Qualité premium par TechStyle.,Electronics,,TechStyle,https://example.com/wc_image_90.jpg,,https://woocommerce-demo.com/product/90,woocommerce,97,97,,,,,,,in stock,2,,,,,,,,,,2026-05-16T16:39:57.142713,2026-05-16T16:39:57.142714,
wc_prod_91,WooCommerce Home Item 91,Un excellent produit de la catégorie Home. Qualité premium par WooBrand.,Home,,WooBrand,https://example.com/wc_image_91.jpg,,https://woocommerce-demo.com/product/91,woocommerce,127,127,,,,,,,in stock,10,,,,,,,,,,2026-05-16T16:39:57.142730,2026-05-16T16:39:57.142732,
wc_prod_92,WooCommerce Electronics Item 92,Un excellent produit de la catégorie Electronics. Qualité premium par WooBrand.,Electronics,,WooBrand,https://example.com/wc_image_92.jpg,,https://woocommerce-demo.com/product/92,woocommerce,115,115,,,,,,,in stock,50,,,,,,,,,,2026-05-16T16:39:57.142740,2026-05-16T16:39:57.142742,
wc_prod_93,WooCommerce Clothing Item 93,Un excellent produit de la catégorie Clothing. Qualité premium par WooBrand.,Clothing,,WooBrand,https://example.com/wc_image_93.jpg,,https://woocommerce-demo.com/product/93,woocommerce,147,147,,,,,,,in stock,74,,,,,,,,,,2026-05-16T16:39:57.142750,2026-05-16T16:39:57.142751,
wc_prod_94,WooCommerce Accessories Item 94,Un excellent produit de la catégorie Accessories. Qualité premium par WooBrand.,Accessories,,WooBrand,https://example.com/wc_image_94.jpg,,https://woocommerce-demo.com/product/94,woocommerce,75,75,,,,,,,in stock,31,,,,,,,,,,2026-05-16T16:39:57.142760,2026-05-16T16:39:57.142762,
wc_prod_95,WooCommerce Clothing Item 95,Un excellent produit de la catégorie Clothing. Qualité premium par HomeLiving.,Clothing,,HomeLiving,https://example.com/wc_image_95.jpg,,https://woocommerce-demo.com/product/95,woocommerce,109,109,,,,,,,in stock,100,,,,,,,,,,2026-05-16T16:39:57.142770,2026-05-16T16:39:57.142772,
wc_prod_96,WooCommerce Clothing Item 96,Un excellent produit de la catégorie Clothing. Qualité premium par HomeLiving.,Clothing,,HomeLiving,https://example.com/wc_image_96.jpg,,https://woocommerce-demo.com/product/96,woocommerce,37,37,,,,,,,in stock,13,,,,,,,,,,2026-05-16T16:39:57.142780,2026-05-16T16:39:57.142781,
wc_prod_97,WooCommerce Electronics Item 97,Un excellent produit de la catégorie Electronics. Qualité premium par HomeLiving.,Electronics,,HomeLiving,https://example.com/wc_image_97.jpg,,https://woocommerce-demo.com/product/97,woocommerce,145,145,,,,,,,in stock,41,,,,,,,,,,2026-05-16T16:39:57.142789,2026-05-16T16:39:57.142791,
wc_prod_98,WooCommerce Home Item 98,Un excellent produit de la catégorie Home. Qualité premium par WooBrand.,Home,,WooBrand,https://example.com/wc_image_98.jpg,,https://woocommerce-demo.com/product/98,woocommerce,15,15,,,,,,,in stock,68,,,,,,,,,,2026-05-16T16:39:57.142799,2026-05-16T16:39:57.142800,
wc_prod_99,WooCommerce Home Item 99,Un excellent produit de la catégorie Home. Qualité premium par HomeLiving.,Home,,HomeLiving,https://example.com/wc_image_99.jpg,,https://woocommerce-demo.com/product/99,woocommerce,69,69,,,,,,,out of stock,56,,,,,,,,,,2026-05-16T16:39:57.142808,2026-05-16T16:39:57.142810,
wc_prod_100,WooCommerce Clothing Item 100,Un excellent produit de la catégorie Clothing. Qualité premium par WooBrand.,Clothing,,WooBrand,https://example.com/wc_image_100.jpg,,https://woocommerce-demo.com/product/100,woocommerce,59,47,,,,,,,in stock,98,,,,,,,,,,2026-05-16T16:39:57.142818,2026-05-16T16:39:57.142820,
